model,Accuracy,F1,Recall,Precision
Logistic Regression,100.0,100.0,100.0,100.0
Multinomial NB,82.004736,86.181818,75.961538,99.579832
SVC,56.353591,72.084806,56.353591,100.0
Random Forest,63.456985,75.5156,60.662702,100.0
SGD,90.292028,91.739422,88.129032,95.658263
Ensemble,97.632202,97.942387,95.967742,100.0