model,Accuracy,F1,Recall,Precision
Logistic Regression,100.0,100.0,100.0,100.0
Multinomial NB,87.227414,88.335704,84.146341,92.964072
SVC,52.024922,68.442623,52.024922,100.0
Random Forest,65.88785,74.08284,61.252446,93.712575
SGD,90.88785,91.262136,91.058122,91.467066
Ensemble,97.507788,97.608371,97.462687,97.754491