model,Accuracy,F1,Recall,Precision
Logistic Regression,90.264798,90.909091,88.401697,93.562874
Multinomial NB,92.367601,92.95977,89.364641,96.856287
SVC,99.454829,99.47644,99.402093,99.550898
Random Forest,100.0,100.0,100.0,100.0
SGD,82.320872,84.31237,78.30552,91.317365
Ensemble,99.221184,99.251497,99.251497,99.251497