model,Accuracy,F1,Recall,Precision
Logistic Regression,85.003946,88.139825,79.504505,98.879552
Multinomial NB,83.583268,87.270502,77.5,99.859944
SVC,99.52644,99.58159,99.166667,100.0
Random Forest,100.0,100.0,100.0,100.0
SGD,63.456985,75.489677,60.680851,99.859944
Ensemble,98.342541,98.550725,97.142857,100.0